teff_bin_K,rho_local_1e-3_pc-3,d25_F115W_pc,d25_F444W_pc,N_F115W_depth_zones,N_F444W_depth_zones,status
300-450,3.09,26.37,170.66,0.06,9.72,lower_limit_density
450-600,4.20,120.00,306.57,3.77,26.30,measured_density
600-750,3.10,250.11,440.05,10.44,26.20,measured_density
750-900,1.99,436.38,585.59,12.67,21.23,measured_density
900-1050,1.58,644.48,741.00,13.86,20.81,measured_density
1050-1200,1.38,885.53,942.18,15.76,22.94,measured_density
1200-1350,2.12,1112.61,1142.42,29.88,42.84,measured_density
1350-1500,1.04,1405.47,1383.44,17.08,24.28,measured_density
1500-1650,0.78,1704.00,1659.89,15.83,22.33,measured_density
1650-1800,0.72,2079.13,1927.96,18.22,24.43,measured_density
1800-1950,0.48,2588.25,2274.08,14.67,18.80,measured_density
1950-2100,0.81,3108.32,2566.79,30.88,36.69,measured_density
2100-2250,0.36,3343.86,2630.70,14.98,16.79,lower_limit_density
